ts,ds,user_id,post_id,action,extra
1530403200,2018-07-01,1209283021,329482048384792,view,
1530403200,2018-07-01,1209283021,329482048384792,like,
1530403200,2018-07-01,1938409273,349573908750923,reaction,LOVE
1530403200,2018-07-01,1209283021,329482048384792,comment,SuchniceRaybans
1530403200,2018-07-01,1238472931,329482048384792,report,HATE
1530403200,2018-07-01,1298349287,328472938472087,report,NUDITY
1530403200,2018-07-01,1298349288,328472938472087,view,
1530403200,2018-07-01,1298349289,328472938472087,view,
1530403200,2018-07-01,1238712388,329482048384792,post,
1530403200,2025-02-28,1209283021,329482048384792,report,LOVE
1530403200,2025-02-28,1209283021,329482048384792,view,
1530403200,2025-02-28,1209283022,329482048384792,view,
1530403200,2025-02-28,1209283023,329482048384792,view,
1530403200,2025-02-28,1938409273,349573908750923,reaction,LOVE
1530403200,2025-02-28,1209283021,329482048384792,comment,SuchNiceRaybans
1530403200,2025-02-28,1238472931,329482048384792,report,HATE
1530403200,2025-02-28,1298349287,328472938472087,report,NUDITY
1530403200,2025-02-28,1238712388,329482048384792,post,
1530403200,2025-03-01,1209283021,329482048384792,report,LOVE
1530403200,2025-03-01,1209283021,329482048384792,view,
1530403200,2025-03-01,1238472931,329482048384792,comment,LOVE
1530403200,2025-03-01,1209283021,329482048384792,like,
1530403200,2025-03-01,1298349287,328472938472087,report,HATE
1530403200,2025-03-01,1298349287,328472938472087,report,SUCHNICE
1530403200,2025-03-02,1209283021,329482048384792,report,LOVE
1530403200,2025-03-02,1209283021,329482048384792,view,
1530403200,2025-03-02,1238472931,329482048384792,comment,SuchNiceRaybans
1530403200,2025-03-02,1209283021,329482048384792,like,
1530403200,2025-03-02,1298349287,328472938472087,report,
1530403200,2025-03-02,1298349287,328472938472087,report,NUDITY
1530403200,2025-03-03,1209283021,329482048384792,view,
1530403200,2025-03-03,1209283021,329482048384792,like,
1530403200,2025-03-03,1938409273,349573908750923,reaction,LOVE
1530403200,2025-03-03,1209283021,329482048384792,comment,SuchniceRaybans
1530403200,2025-03-03,1238472931,329482048384792,report,HATE
1530403200,2025-03-03,1298349287,328472938472087,report,NUDITY
1530403200,2025-03-03,1238712388,329482048384792,post,
1530403200,2025-03-05,1209283021,329482048384792,view,
1530403200,2025-03-05,1209283021,329482048384792,like,
1530403200,2025-03-05,1938409273,349573908750923,reaction,LOVE
1530403200,2025-03-05,1209283021,329482048384792,comment,SuchniceRaybans
1530403200,2025-03-05,1238472931,329482048384792,report,HATE
1530403200,2025-03-05,1298349287,328472938472087,report,NUDITY
1530403200,2025-03-05,1298349287,328472938472087,report,LOVE
1530403200,2025-03-05,1238472931,329482048384792,report,
1530403200,2025-03-05,1938409273,349573908750924,view,
1530403200,2025-03-05,1938409273,349573908750925,view,
1530403200,2025-03-05,1938409273,349573908750925,view,
1530403200,2025-03-05,1938409273,349573908750926,view,
1530403200,2025-03-05,1938409273,349573908750923,view,
1530403200,2025-03-05,1938409273,349573908750923,view,
1530403200,2025-03-05,1938409273,349573908750923,report,SuchNiceRaybans
1530403200,2025-03-05,1238472931,329482048384792,report,LOVE
1530403200,2025-03-05,1209283021,329482048384792,report, love  
1530403200,2025-03-05,1209283021,329482048384792,report,Love   
1530403200,2025-03-05,1209283021,329482048384792,report,   love  
1530403200,2025-03-05,1209283021,329482048384792,report,LOVE    
1530403200,2025-03-05,1238472931,329482048384792,report, NUDITY  
1530403200,2025-03-05,1238472931,329482048384792,report,   NUDITY  
1530403200,2025-03-05,1238472931,329482048384792,report,NUDITY  
1530403200,2025-03-05,1238472931,329482048384792,report,   
1530403200,2025-03-05,1238472931,329482048384792,report,    
1530403200,2025-03-05,1209283021,329482048384792,report,